Instagram,YouTube,Magazine,Podcast,Sales
143.6,14.4,33.9,1.6,12.07
287.7,99.1,8.8,15.9,23.73
233.0,54.0,12.3,16.2,18.84
199.7,81.2,45.4,19.1,18.56
89.0,137.1,32.3,21.8,18.56
89.0,44.9,5.4,29.3,9.99
64.5,67.5,9.6,15.5,10.19
266.5,115.8,34.9,9.7,25.51
200.3,42.0,5.2,23.9,13.57
227.0,20.8,12.2,8.1,18.13
55.1,50.6,29.7,13.2,6.61
292.5,32.6,36.1,2.4,16.06
258.1,140.2,34.3,0.8,27.52
103.1,123.1,15.1,28.9,19.06
95.5,98.7,37.0,25.1,16.79
95.9,132.0,15.7,20.9,18.55
126.1,122.5,19.6,12.3,17.53
181.2,36.1,38.6,5.2,11.68
158.0,135.0,34.2,4.7,20.21
122.8,85.5,43.2,7.5,13.45
203.0,123.0,34.6,16.5,24.13
84.9,135.5,30.6,21.4,17.21
123.0,54.5,9.2,19.8,10.52
141.6,25.4,21.5,8.4,9.7
164.0,41.9,16.9,28.6,14.89
246.3,69.8,16.0,22.1,18.8
99.9,124.5,48.8,16.6,15.94
178.6,130.5,22.7,18.4,21.83
198.1,11.0,45.1,12.6,13.51
61.6,81.5,33.4,7.4,10.11
201.9,68.4,40.8,10.7,16.6
92.6,41.1,27.6,22.7,10.8
66.3,26.8,31.0,0.4,3.52
287.2,57.3,27.2,3.5,17.19
291.4,142.0,13.8,1.4,25.01
252.1,55.2,37.5,1.2,17.8
126.2,82.6,17.6,25.7,15.87
74.4,108.4,6.1,21.1,17.0
221.1,60.9,34.0,14.2,19.66
160.0,146.0,13.0,2.9,19.95
80.5,144.7,47.3,14.7,18.01
173.8,45.2,47.9,14.2,12.73
58.6,79.6,46.2,5.2,11.01
277.3,52.1,21.7,13.0,19.02
114.7,49.9,5.7,12.0,11.38
215.6,15.2,46.8,18.5,13.04
127.9,95.3,24.3,19.1,17.12
180.0,80.4,48.5,1.4,20.05
186.7,17.2,48.4,11.2,12.73
96.2,49.0,43.4,18.8,12.15
292.4,137.2,18.3,15.1,28.58
243.8,43.5,22.3,25.7,17.34
284.9,30.3,43.3,19.8,19.8
273.7,78.5,19.3,4.9,20.91
199.5,148.0,12.6,2.1,22.54
280.5,43.9,30.1,19.3,18.24
72.1,104.1,47.1,0.8,13.45
99.0,116.6,36.3,17.6,17.59
61.3,43.3,30.7,28.2,12.33
131.3,112.0,9.4,17.3,18.94
147.2,61.5,32.7,11.6,18.38
117.8,98.5,49.6,19.3,15.07
257.2,98.7,11.3,13.7,23.8
139.2,85.0,28.3,16.4,16.12
120.2,22.6,44.5,28.2,15.51
185.7,126.9,38.3,11.6,19.78
85.2,54.9,36.4,28.8,10.08
250.5,36.1,36.6,27.2,17.22
68.6,15.7,21.2,5.9,1.49
296.7,92.7,18.2,2.1,21.89
243.1,104.9,41.4,3.0,20.48
99.7,12.3,41.5,0.5,7.55
51.4,81.7,44.0,2.8,11.31
253.9,41.7,46.1,20.5,22.6
226.7,100.3,28.0,2.1,22.25
232.3,34.4,27.6,9.6,14.71
242.8,106.7,40.9,25.3,21.88
68.5,64.1,34.2,0.7,10.61
139.6,141.1,36.6,24.4,18.43
79.0,29.3,40.8,8.5,11.78
265.8,57.7,45.1,3.5,21.86
205.8,25.9,20.2,20.9,13.49
132.7,139.5,21.9,18.9,16.35
65.9,132.8,9.2,26.3,18.74
127.7,46.1,31.0,22.1,12.32
131.3,102.4,6.6,24.1,19.12
232.4,124.4,26.0,8.5,19.76
209.4,87.7,29.4,5.3,17.54
271.8,84.2,17.9,22.5,22.45
168.1,43.9,31.6,24.2,14.65
79.9,23.0,6.4,29.7,7.21
228.3,135.6,6.7,12.4,24.58
240.2,136.1,42.0,11.2,22.81
190.3,98.6,21.2,23.3,19.39
242.7,57.5,10.7,10.2,18.01
173.4,58.9,28.5,27.9,17.22
180.7,111.6,39.6,25.8,22.38
156.9,135.6,14.7,12.9,17.79
56.4,134.2,33.0,22.5,13.05
77.0,119.2,8.8,22.6,17.79
